{
  "camera_matrix": [
    [
      502.01412374899854,
      0.0,
      327.80973693090925
    ],
    [
      0.0,
      501.0204816020782,
      185.1087209638003
    ],
    [
      0.0,
      0.0,
      1.0
    ]
  ],
  "dist_coeff": [
    [
      0.2282557127372877,
      -0.8236830649999877,
      -0.0008211854663054328,
      0.004988954718860475,
      0.9380514617095476
    ]
  ],
  "new_camera_matrix": [
    [
      510.7376708984375,
      0.0,
      330.09299269777694
    ],
    [
      0.0,
      506.8099365234375,
      184.34009697383954
    ],
    [
      0.0,
      0.0,
      1.0
    ]
  ],
  "roi": [
    3,
    3,
    634,
    354
  ]
}
