{
  "camera_matrix": [
    [
      599.7894504489868,
      0.0,
      332.5688447430807
    ],
    [
      0.0,
      599.4172067462134,
      243.8081808419274
    ],
    [
      0.0,
      0.0,
      1.0
    ]
  ],
  "undistor_camera_matrix": [
    [
      587.043212890625,
      0.0,
      332.57443593864446
    ],
    [
      0.0,
      583.9818725585938,
      242.55357564397127
    ],
    [
      0.0,
      0.0,
      1.0
    ]
  ],
  "dist_coeff": [
    [
      0.1015572106473576,
      -0.011504086952615449,
      -0.0022484482119895285,
      -0.003319912816073751,
      -0.6373451318252601
    ]
  ],
  "image_points": [
    [
      302.4625244140625,
      298.170654296875
    ],
    [
      368.84112548828125,
      148.642333984375
    ],
    [
      437.09259033203125,
      259.03704833984375
    ],
    [
      333,
      243
    ]
  ],
  "world_points": [
    [
      0.56,
      0.585,
      1.428467808219178
    ],
    [
      0.735,
      0.23,
      1.4787400684931507
    ],
    [
      0.965,
      0.51,
      1.6166263698630137
    ],
    [
      0.637,
      0.456,
      1.46
    ]
  ],
  "rvec": [
    [
      0.019698827029822213
    ],
    [
      -0.2089347389005906
    ],
    [
      -0.012003400154349385
    ]
  ],
  "tvec": [
    [
      -0.32542495713627445
    ],
    [
      -0.42107785090128413
    ],
    [
      -0.1725281669775588
    ]
  ],
  "scale": 1.4499956768943174
}
