{
  "camera_matrix": [
    [
      581.7065382760311,
      0.0,
      313.2858678209797
    ],
    [
      0.0,
      583.740271760948,
      272.9004534337477
    ],
    [
      0.0,
      0.0,
      1.0
    ]
  ],
  "dist_coeff": [
    [
      0.10257285434723161,
      -0.20114396568534842,
      0.013535394937456,
      -0.014873932346376559,
      -0.03262145262213661
    ]
  ],
  "image_points": [
    [
      182.98785400390625,
      336.4830017089844
    ],
    [
      322.6399841308594,
      154.3057098388672
    ],
    [
      487.1958312988281,
      277.2751159667969
    ],
    [
      313,
      273
    ]
  ],
  "world_points": [
    [
      16.2,
      39.6,
      74.01556543837356
    ],
    [
      37.5,
      18.7,
      79.2548284625159
    ],
    [
      60.5,
      34.1,
      86.30952986022872
    ],
    [
      35.0,
      32.0,
      78.7
    ]
  ],
  "rvec": [
    [
      0.07130949759262689
    ],
    [
      0.05909804028443229
    ],
    [
      -0.05768171481302412
    ]
  ],
  "tvec": [
    [
      -40.92554521505675
    ],
    [
      -25.034359987450262
    ],
    [
      2.2170192312136754
    ]
  ],
  "scale": 81.32982796771529
}
